id,title,score,num_comments,author,created_utc,url,over_18,edited,spoiler,stickied
1dclh1p,Why did you (as a data analyst) switch to DE?,84,53,supersaiyanngod,2024-06-10 13:26:26,https://www.reddit.com/r/dataengineering/comments/1dclh1p/why_did_you_as_a_data_analyst_switch_to_de/,False,False,False,False
1dcmw62,How Bad Is the Data Environment where you work?,46,68,DntWryBiHappy,2024-06-10 14:30:11,https://www.reddit.com/r/dataengineering/comments/1dcmw62/how_bad_is_the_data_environment_where_you_work/,False,False,False,False
1dci9n5,Feeling Lost as a Data Engineer,35,12,Express-Reindeer-650,2024-06-10 10:27:17,https://www.reddit.com/r/dataengineering/comments/1dci9n5/feeling_lost_as_a_data_engineer/,False,False,False,False
1dckxbi,What’s something difficult or abstract you’ve had data model recently? ,17,11,TheCumCopter,2024-06-10 13:00:34,https://www.reddit.com/r/dataengineering/comments/1dckxbi/whats_something_difficult_or_abstract_youve_had/,False,False,False,False
1dc897t,"We are about to build a new ETL, any suggestions?",15,21,Conscious_Credit_181,2024-06-10 00:08:40,https://www.reddit.com/r/dataengineering/comments/1dc897t/we_are_about_to_build_a_new_etl_any_suggestions/,False,False,False,False
1dcr3bj,How do you decide on an offer for a Data Architect or Senior Data Engineer,11,13,Maraprik,2024-06-10 17:23:58,https://www.reddit.com/r/dataengineering/comments/1dcr3bj/how_do_you_decide_on_an_offer_for_a_data/,False,False,False,False
1dclunk,Do you have a system for taking notes?,9,18,Repulsive_Lychee_106,2024-06-10 13:44:12,https://www.reddit.com/r/dataengineering/comments/1dclunk/do_you_have_a_system_for_taking_notes/,False,False,False,False
1dcjdqa,Snowflake for Data Products: Data Monetisation & Experience | Part 2,5,1,growth_man,2024-06-10 11:37:49,https://moderndata101.substack.com/p/snowflake-for-data-products-monetisation,False,False,False,False
1dcue3p,Why dbt incremental models don't have a SCD2 configuration as well?,5,3,rick854,2024-06-10 19:36:47,https://www.reddit.com/r/dataengineering/comments/1dcue3p/why_dbt_incremental_models_dont_have_a_scd2/,False,False,False,False
1dcfwu8,How do you keep record of which procedure were used to populates which tables ?,4,3,Pillstyr,2024-06-10 07:35:23,https://www.reddit.com/r/dataengineering/comments/1dcfwu8/how_do_you_keep_record_of_which_procedure_were/,False,False,False,False
1dcbi8w,Least painful way to swap MDM ID,5,0,flyingbuta,2024-06-10 02:58:22,https://www.reddit.com/r/dataengineering/comments/1dcbi8w/least_painful_way_to_swap_mdm_id/,False,False,False,False
1dcmvau,Data Engineering as a New Grad,2,2,Feitxn,2024-06-10 14:29:04,https://www.reddit.com/r/dataengineering/comments/1dcmvau/data_engineering_as_a_new_grad/,False,False,False,False
1dclc6l,SQL Generator - Open-Source React App for Easy SQL Table and Insert Statement Generation from Files and Pastes,3,1,ryan_with_a_why,2024-06-10 13:19:54,https://github.com/ryanwaldorf/sqlgenerator,False,False,False,False
1dcklsz,How do you suggest I get more intricate datasets?,3,7,timmeedski,2024-06-10 12:44:51,https://www.reddit.com/r/dataengineering/comments/1dcklsz/how_do_you_suggest_i_get_more_intricate_datasets/,False,False,False,False
1dcdejb,MWAA or Astronomer with Meltano,3,4,cfeduke,2024-06-10 04:46:59,https://www.reddit.com/r/dataengineering/comments/1dcdejb/mwaa_or_astronomer_with_meltano/,False,False,False,False
1dcu8ud,Data migration from legacy to cloud system.,2,2,CareerPathQuest,2024-06-10 19:30:45,https://www.reddit.com/r/dataengineering/comments/1dcu8ud/data_migration_from_legacy_to_cloud_system/,False,False,False,False
1dcrabb,Lone Wolf DE,2,0,Tumbleweed-Afraid,2024-06-10 17:31:49,https://www.reddit.com/r/dataengineering/comments/1dcrabb/lone_wolf_de/,False,False,False,False
1dcqxp1,Pyoneer: Automatically convert Excel to Python Scripts for your data pipelines ,2,1,Jake_Stack808,2024-06-10 17:17:39,https://www.reddit.com/r/dataengineering/comments/1dcqxp1/pyoneer_automatically_convert_excel_to_python/,False,False,False,False
1dchaym,Could you provide me with some direction (novice),2,3,throwaway___hi_____,2024-06-10 09:20:01,https://www.reddit.com/r/dataengineering/comments/1dchaym/could_you_provide_me_with_some_direction_novice/,False,False,False,False
1dcwzl3,Cost effective pipeline and storage,1,2,Prestigious_Bed_9202,2024-06-10 21:21:15,https://www.reddit.com/r/dataengineering/comments/1dcwzl3/cost_effective_pipeline_and_storage/,False,False,False,False
1dcnyd4,Practical course step by step AWS ETL data engineer ,1,1,HoNestOrg,2024-06-10 15:14:55,https://www.reddit.com/r/dataengineering/comments/1dcnyd4/practical_course_step_by_step_aws_etl_data/,False,False,False,False
1dcl4li,I created a adobe analytics 1.4 api implementation.,1,1,depressionsucks29,2024-06-10 13:09:57,https://www.reddit.com/r/dataengineering/comments/1dcl4li/i_created_a_adobe_analytics_14_api_implementation/,False,False,False,False
1dcscfh,Tool(s) for documentation & manuals (client facing),0,0,luckexe,2024-06-10 18:14:50,https://www.reddit.com/r/dataengineering/comments/1dcscfh/tools_for_documentation_manuals_client_facing/,False,False,False,False
1dctkz2,Can't decide between two offers,0,6,DivergentAlien,2024-06-10 19:04:14,https://www.reddit.com/r/dataengineering/comments/1dctkz2/cant_decide_between_two_offers/,False,False,False,False
